{"cameraMode":{"drawMode":0,"name":"Shaded","section":"Shading Mode"},"sceneLighting":true,"audioPlay":false,"sceneViewState":{"m_AlwaysRefresh":true,"showFog":true,"showSkybox":true,"showFlares":true,"showImageEffects":true,"showParticleSystems":true,"showVisualEffectGraphs":true,"m_FxEnabled":true},"in2DMode":false,"pivot":{"x":0.8112220764160156,"y":1.3596198558807374,"z":-0.9732608795166016},"rotation":{"x":0.005369390361011028,"y":-0.7997024655342102,"z":-0.007221597246825695,"w":-0.6005417108535767},"size":1.1363314390182496,"orthographic":false}